"","Year","Region","RegionNum","WarCount","WarCountP","WarCountA"
"1","1816","Europe","1",0,0,0
"2","1817","Europe","1",0,0,0
"3","1818","Europe","1",0,0,0
"4","1819","Europe","1",0,0,0
"5","1820","Europe","1",0,0,0
"6","1821","Europe","1",0,0,0
"7","1822","Europe","1",0,0,0
"8","1823","Europe","1",1,0,1
"9","1824","Europe","1",0,0,0
"10","1825","Europe","1",0,0,0
"11","1826","Europe","1",0,0,0
"12","1827","Europe","1",0,0,0
"13","1828","Europe","1",1,0,1
"14","1829","Europe","1",0,0,0
"15","1830","Europe","1",0,0,0
"16","1831","Europe","1",0,0,0
"17","1832","Europe","1",0,0,0
"18","1833","Europe","1",0,0,0
"19","1834","Europe","1",0,0,0
"20","1835","Europe","1",0,0,0
"21","1836","Europe","1",0,0,0
"22","1837","Europe","1",0,0,0
"23","1838","Europe","1",0,0,0
"24","1839","Europe","1",0,0,0
"25","1840","Europe","1",0,0,0
"26","1841","Europe","1",0,0,0
"27","1842","Europe","1",0,0,0
"28","1843","Europe","1",0,0,0
"29","1844","Europe","1",0,0,0
"30","1845","Europe","1",0,0,0
"31","1846","Europe","1",0,0,0
"32","1847","Europe","1",0,0,0
"33","1848","Europe","1",2,0,2
"34","1849","Europe","1",1,0,1
"35","1850","Europe","1",0,0,0
"36","1851","Europe","1",0,0,0
"37","1852","Europe","1",0,0,0
"38","1853","Europe","1",1,1,0
"39","1854","Europe","1",0,0,0
"40","1855","Europe","1",0,0,0
"41","1856","Europe","1",0,0,0
"42","1857","Europe","1",0,0,0
"43","1858","Europe","1",0,0,0
"44","1859","Europe","1",1,1,0
"45","1860","Europe","1",2,0,2
"46","1861","Europe","1",0,0,0
"47","1862","Europe","1",0,0,0
"48","1863","Europe","1",0,0,0
"49","1864","Europe","1",1,0,1
"50","1865","Europe","1",0,0,0
"51","1866","Europe","1",1,0,1
"52","1867","Europe","1",0,0,0
"53","1868","Europe","1",0,0,0
"54","1869","Europe","1",0,0,0
"55","1870","Europe","1",1,1,0
"56","1871","Europe","1",0,0,0
"57","1872","Europe","1",0,0,0
"58","1873","Europe","1",0,0,0
"59","1874","Europe","1",0,0,0
"60","1875","Europe","1",0,0,0
"61","1876","Europe","1",0,0,0
"62","1877","Europe","1",1,0,1
"63","1878","Europe","1",0,0,0
"64","1879","Europe","1",0,0,0
"65","1880","Europe","1",0,0,0
"66","1881","Europe","1",0,0,0
"67","1882","Europe","1",0,0,0
"68","1883","Europe","1",0,0,0
"69","1884","Europe","1",0,0,0
"70","1885","Europe","1",0,0,0
"71","1886","Europe","1",0,0,0
"72","1887","Europe","1",0,0,0
"73","1888","Europe","1",0,0,0
"74","1889","Europe","1",0,0,0
"75","1890","Europe","1",0,0,0
"76","1891","Europe","1",0,0,0
"77","1892","Europe","1",0,0,0
"78","1893","Europe","1",0,0,0
"79","1894","Europe","1",0,0,0
"80","1895","Europe","1",0,0,0
"81","1896","Europe","1",0,0,0
"82","1897","Europe","1",1,0,1
"83","1898","Europe","1",0,0,0
"84","1899","Europe","1",0,0,0
"85","1900","Europe","1",0,0,0
"86","1901","Europe","1",0,0,0
"87","1902","Europe","1",0,0,0
"88","1903","Europe","1",0,0,0
"89","1904","Europe","1",0,0,0
"90","1905","Europe","1",0,0,0
"91","1906","Europe","1",0,0,0
"92","1907","Europe","1",0,0,0
"93","1908","Europe","1",0,0,0
"94","1909","Europe","1",0,0,0
"95","1910","Europe","1",0,0,0
"96","1911","Europe","1",1,0,1
"97","1912","Europe","1",1,0,1
"98","1913","Europe","1",1,1,0
"99","1914","Europe","1",1,1,0
"100","1915","Europe","1",0,0,0
"101","1916","Europe","1",0,0,0
"102","1917","Europe","1",0,0,0
"103","1918","Europe","1",2,0,2
"104","1919","Europe","1",4,2,2
"105","1920","Europe","1",1,0,1
"106","1921","Europe","1",0,0,0
"107","1922","Europe","1",0,0,0
"108","1923","Europe","1",0,0,0
"109","1924","Europe","1",0,0,0
"110","1925","Europe","1",0,0,0
"111","1926","Europe","1",0,0,0
"112","1927","Europe","1",0,0,0
"113","1928","Europe","1",0,0,0
"114","1929","Europe","1",0,0,0
"115","1930","Europe","1",0,0,0
"116","1931","Europe","1",0,0,0
"117","1932","Europe","1",0,0,0
"118","1933","Europe","1",0,0,0
"119","1934","Europe","1",0,0,0
"120","1935","Europe","1",0,0,0
"121","1936","Europe","1",0,0,0
"122","1937","Europe","1",0,0,0
"123","1938","Europe","1",0,0,0
"124","1939","Europe","1",2,0,2
"125","1940","Europe","1",0,0,0
"126","1941","Europe","1",0,0,0
"127","1942","Europe","1",0,0,0
"128","1943","Europe","1",0,0,0
"129","1944","Europe","1",0,0,0
"130","1945","Europe","1",0,0,0
"131","1946","Europe","1",0,0,0
"132","1947","Europe","1",0,0,0
"133","1948","Europe","1",0,0,0
"134","1949","Europe","1",0,0,0
"135","1950","Europe","1",0,0,0
"136","1951","Europe","1",0,0,0
"137","1952","Europe","1",0,0,0
"138","1953","Europe","1",0,0,0
"139","1954","Europe","1",0,0,0
"140","1955","Europe","1",0,0,0
"141","1956","Europe","1",1,0,1
"142","1957","Europe","1",1,0,1
"143","1958","Europe","1",0,0,0
"144","1959","Europe","1",0,0,0
"145","1960","Europe","1",0,0,0
"146","1961","Europe","1",0,0,0
"147","1962","Europe","1",0,0,0
"148","1963","Europe","1",0,0,0
"149","1964","Europe","1",0,0,0
"150","1965","Europe","1",0,0,0
"151","1966","Europe","1",0,0,0
"152","1967","Europe","1",0,0,0
"153","1968","Europe","1",0,0,0
"154","1969","Europe","1",0,0,0
"155","1970","Europe","1",0,0,0
"156","1971","Europe","1",0,0,0
"157","1972","Europe","1",0,0,0
"158","1973","Europe","1",0,0,0
"159","1974","Europe","1",1,0,1
"160","1975","Europe","1",0,0,0
"161","1976","Europe","1",0,0,0
"162","1977","Europe","1",0,0,0
"163","1978","Europe","1",0,0,0
"164","1979","Europe","1",0,0,0
"165","1980","Europe","1",0,0,0
"166","1981","Europe","1",0,0,0
"167","1982","Europe","1",0,0,0
"168","1983","Europe","1",0,0,0
"169","1984","Europe","1",0,0,0
"170","1985","Europe","1",0,0,0
"171","1986","Europe","1",0,0,0
"172","1987","Europe","1",0,0,0
"173","1988","Europe","1",0,0,0
"174","1989","Europe","1",0,0,0
"175","1990","Europe","1",0,0,0
"176","1991","Europe","1",0,0,0
"177","1992","Europe","1",1,0,1
"178","1993","Europe","1",1,0,1
"179","1994","Europe","1",0,0,0
"180","1995","Europe","1",0,0,0
"181","1996","Europe","1",0,0,0
"182","1997","Europe","1",0,0,0
"183","1998","Europe","1",0,0,0
"184","1999","Europe","1",1,0,1
"185","2000","Europe","1",0,0,0
"186","2001","Europe","1",0,0,0
"187","2002","Europe","1",0,0,0
"188","2003","Europe","1",0,0,0
"189","2004","Europe","1",0,0,0
"190","2005","Europe","1",0,0,0
"191","2006","Europe","1",0,0,0
"192","2007","Europe","1",0,0,0
"193","1816","East Asia","2",0,0,0
"194","1817","East Asia","2",0,0,0
"195","1818","East Asia","2",0,0,0
"196","1819","East Asia","2",0,0,0
"197","1820","East Asia","2",0,0,0
"198","1821","East Asia","2",0,0,0
"199","1822","East Asia","2",0,0,0
"200","1823","East Asia","2",0,0,0
"201","1824","East Asia","2",0,0,0
"202","1825","East Asia","2",0,0,0
"203","1826","East Asia","2",0,0,0
"204","1827","East Asia","2",0,0,0
"205","1828","East Asia","2",0,0,0
"206","1829","East Asia","2",0,0,0
"207","1830","East Asia","2",0,0,0
"208","1831","East Asia","2",0,0,0
"209","1832","East Asia","2",0,0,0
"210","1833","East Asia","2",0,0,0
"211","1834","East Asia","2",0,0,0
"212","1835","East Asia","2",0,0,0
"213","1836","East Asia","2",0,0,0
"214","1837","East Asia","2",0,0,0
"215","1838","East Asia","2",0,0,0
"216","1839","East Asia","2",0,0,0
"217","1840","East Asia","2",0,0,0
"218","1841","East Asia","2",0,0,0
"219","1842","East Asia","2",0,0,0
"220","1843","East Asia","2",0,0,0
"221","1844","East Asia","2",0,0,0
"222","1845","East Asia","2",0,0,0
"223","1846","East Asia","2",0,0,0
"224","1847","East Asia","2",0,0,0
"225","1848","East Asia","2",0,0,0
"226","1849","East Asia","2",0,0,0
"227","1850","East Asia","2",0,0,0
"228","1851","East Asia","2",0,0,0
"229","1852","East Asia","2",0,0,0
"230","1853","East Asia","2",0,0,0
"231","1854","East Asia","2",0,0,0
"232","1855","East Asia","2",0,0,0
"233","1856","East Asia","2",0,0,0
"234","1857","East Asia","2",0,0,0
"235","1858","East Asia","2",0,0,0
"236","1859","East Asia","2",0,0,0
"237","1860","East Asia","2",0,0,0
"238","1861","East Asia","2",0,0,0
"239","1862","East Asia","2",0,0,0
"240","1863","East Asia","2",0,0,0
"241","1864","East Asia","2",0,0,0
"242","1865","East Asia","2",0,0,0
"243","1866","East Asia","2",0,0,0
"244","1867","East Asia","2",0,0,0
"245","1868","East Asia","2",0,0,0
"246","1869","East Asia","2",0,0,0
"247","1870","East Asia","2",0,0,0
"248","1871","East Asia","2",0,0,0
"249","1872","East Asia","2",0,0,0
"250","1873","East Asia","2",0,0,0
"251","1874","East Asia","2",0,0,0
"252","1875","East Asia","2",0,0,0
"253","1876","East Asia","2",0,0,0
"254","1877","East Asia","2",0,0,0
"255","1878","East Asia","2",0,0,0
"256","1879","East Asia","2",0,0,0
"257","1880","East Asia","2",0,0,0
"258","1881","East Asia","2",0,0,0
"259","1882","East Asia","2",0,0,0
"260","1883","East Asia","2",0,0,0
"261","1884","East Asia","2",1,0,1
"262","1885","East Asia","2",0,0,0
"263","1886","East Asia","2",0,0,0
"264","1887","East Asia","2",0,0,0
"265","1888","East Asia","2",0,0,0
"266","1889","East Asia","2",0,0,0
"267","1890","East Asia","2",0,0,0
"268","1891","East Asia","2",0,0,0
"269","1892","East Asia","2",0,0,0
"270","1893","East Asia","2",0,0,0
"271","1894","East Asia","2",1,1,0
"272","1895","East Asia","2",0,0,0
"273","1896","East Asia","2",0,0,0
"274","1897","East Asia","2",0,0,0
"275","1898","East Asia","2",0,0,0
"276","1899","East Asia","2",0,0,0
"277","1900","East Asia","2",2,0,2
"278","1901","East Asia","2",0,0,0
"279","1902","East Asia","2",0,0,0
"280","1903","East Asia","2",0,0,0
"281","1904","East Asia","2",1,1,0
"282","1905","East Asia","2",0,0,0
"283","1906","East Asia","2",0,0,0
"284","1907","East Asia","2",0,0,0
"285","1908","East Asia","2",0,0,0
"286","1909","East Asia","2",0,0,0
"287","1910","East Asia","2",0,0,0
"288","1911","East Asia","2",0,0,0
"289","1912","East Asia","2",0,0,0
"290","1913","East Asia","2",0,0,0
"291","1914","East Asia","2",1,1,0
"292","1915","East Asia","2",0,0,0
"293","1916","East Asia","2",0,0,0
"294","1917","East Asia","2",0,0,0
"295","1918","East Asia","2",0,0,0
"296","1919","East Asia","2",0,0,0
"297","1920","East Asia","2",0,0,0
"298","1921","East Asia","2",0,0,0
"299","1922","East Asia","2",0,0,0
"300","1923","East Asia","2",0,0,0
"301","1924","East Asia","2",0,0,0
"302","1925","East Asia","2",0,0,0
"303","1926","East Asia","2",0,0,0
"304","1927","East Asia","2",0,0,0
"305","1928","East Asia","2",0,0,0
"306","1929","East Asia","2",1,0,1
"307","1930","East Asia","2",0,0,0
"308","1931","East Asia","2",1,0,1
"309","1932","East Asia","2",0,0,0
"310","1933","East Asia","2",0,0,0
"311","1934","East Asia","2",0,0,0
"312","1935","East Asia","2",0,0,0
"313","1936","East Asia","2",0,0,0
"314","1937","East Asia","2",1,0,1
"315","1938","East Asia","2",1,0,1
"316","1939","East Asia","2",2,0,2
"317","1940","East Asia","2",1,0,1
"318","1941","East Asia","2",0,0,0
"319","1942","East Asia","2",0,0,0
"320","1943","East Asia","2",0,0,0
"321","1944","East Asia","2",0,0,0
"322","1945","East Asia","2",0,0,0
"323","1946","East Asia","2",0,0,0
"324","1947","East Asia","2",0,0,0
"325","1948","East Asia","2",0,0,0
"326","1949","East Asia","2",0,0,0
"327","1950","East Asia","2",1,0,1
"328","1951","East Asia","2",0,0,0
"329","1952","East Asia","2",0,0,0
"330","1953","East Asia","2",0,0,0
"331","1954","East Asia","2",1,0,1
"332","1955","East Asia","2",0,0,0
"333","1956","East Asia","2",0,0,0
"334","1957","East Asia","2",0,0,0
"335","1958","East Asia","2",1,0,1
"336","1959","East Asia","2",0,0,0
"337","1960","East Asia","2",0,0,0
"338","1961","East Asia","2",0,0,0
"339","1962","East Asia","2",1,0,1
"340","1963","East Asia","2",0,0,0
"341","1964","East Asia","2",0,0,0
"342","1965","East Asia","2",1,0,1
"343","1966","East Asia","2",0,0,0
"344","1967","East Asia","2",0,0,0
"345","1968","East Asia","2",1,0,1
"346","1969","East Asia","2",0,0,0
"347","1970","East Asia","2",1,0,1
"348","1971","East Asia","2",0,0,0
"349","1972","East Asia","2",0,0,0
"350","1973","East Asia","2",0,0,0
"351","1974","East Asia","2",0,0,0
"352","1975","East Asia","2",0,0,0
"353","1976","East Asia","2",0,0,0
"354","1977","East Asia","2",1,1,0
"355","1978","East Asia","2",0,0,0
"356","1979","East Asia","2",1,0,1
"357","1980","East Asia","2",0,0,0
"358","1981","East Asia","2",0,0,0
"359","1982","East Asia","2",0,0,0
"360","1983","East Asia","2",0,0,0
"361","1984","East Asia","2",0,0,0
"362","1985","East Asia","2",0,0,0
"363","1986","East Asia","2",0,0,0
"364","1987","East Asia","2",1,0,1
"365","1988","East Asia","2",0,0,0
"366","1989","East Asia","2",0,0,0
"367","1990","East Asia","2",0,0,0
"368","1991","East Asia","2",0,0,0
"369","1992","East Asia","2",0,0,0
"370","1993","East Asia","2",0,0,0
"371","1994","East Asia","2",0,0,0
"372","1995","East Asia","2",0,0,0
"373","1996","East Asia","2",0,0,0
"374","1997","East Asia","2",0,0,0
"375","1998","East Asia","2",0,0,0
"376","1999","East Asia","2",0,0,0
"377","2000","East Asia","2",0,0,0
"378","2001","East Asia","2",0,0,0
"379","2002","East Asia","2",0,0,0
"380","2003","East Asia","2",0,0,0
"381","2004","East Asia","2",0,0,0
"382","2005","East Asia","2",0,0,0
"383","2006","East Asia","2",0,0,0
"384","2007","East Asia","2",0,0,0
"385","1816","South Asia","3",0,0,0
"386","1817","South Asia","3",0,0,0
"387","1818","South Asia","3",0,0,0
"388","1819","South Asia","3",0,0,0
"389","1820","South Asia","3",0,0,0
"390","1821","South Asia","3",0,0,0
"391","1822","South Asia","3",0,0,0
"392","1823","South Asia","3",0,0,0
"393","1824","South Asia","3",0,0,0
"394","1825","South Asia","3",0,0,0
"395","1826","South Asia","3",0,0,0
"396","1827","South Asia","3",0,0,0
"397","1828","South Asia","3",0,0,0
"398","1829","South Asia","3",0,0,0
"399","1830","South Asia","3",0,0,0
"400","1831","South Asia","3",0,0,0
"401","1832","South Asia","3",0,0,0
"402","1833","South Asia","3",0,0,0
"403","1834","South Asia","3",0,0,0
"404","1835","South Asia","3",0,0,0
"405","1836","South Asia","3",0,0,0
"406","1837","South Asia","3",0,0,0
"407","1838","South Asia","3",0,0,0
"408","1839","South Asia","3",0,0,0
"409","1840","South Asia","3",0,0,0
"410","1841","South Asia","3",0,0,0
"411","1842","South Asia","3",0,0,0
"412","1843","South Asia","3",0,0,0
"413","1844","South Asia","3",0,0,0
"414","1845","South Asia","3",0,0,0
"415","1846","South Asia","3",0,0,0
"416","1847","South Asia","3",0,0,0
"417","1848","South Asia","3",0,0,0
"418","1849","South Asia","3",0,0,0
"419","1850","South Asia","3",0,0,0
"420","1851","South Asia","3",0,0,0
"421","1852","South Asia","3",0,0,0
"422","1853","South Asia","3",0,0,0
"423","1854","South Asia","3",0,0,0
"424","1855","South Asia","3",0,0,0
"425","1856","South Asia","3",0,0,0
"426","1857","South Asia","3",0,0,0
"427","1858","South Asia","3",0,0,0
"428","1859","South Asia","3",0,0,0
"429","1860","South Asia","3",0,0,0
"430","1861","South Asia","3",0,0,0
"431","1862","South Asia","3",0,0,0
"432","1863","South Asia","3",0,0,0
"433","1864","South Asia","3",0,0,0
"434","1865","South Asia","3",0,0,0
"435","1866","South Asia","3",0,0,0
"436","1867","South Asia","3",0,0,0
"437","1868","South Asia","3",0,0,0
"438","1869","South Asia","3",0,0,0
"439","1870","South Asia","3",0,0,0
"440","1871","South Asia","3",0,0,0
"441","1872","South Asia","3",0,0,0
"442","1873","South Asia","3",0,0,0
"443","1874","South Asia","3",0,0,0
"444","1875","South Asia","3",0,0,0
"445","1876","South Asia","3",0,0,0
"446","1877","South Asia","3",0,0,0
"447","1878","South Asia","3",0,0,0
"448","1879","South Asia","3",0,0,0
"449","1880","South Asia","3",0,0,0
"450","1881","South Asia","3",0,0,0
"451","1882","South Asia","3",0,0,0
"452","1883","South Asia","3",0,0,0
"453","1884","South Asia","3",0,0,0
"454","1885","South Asia","3",0,0,0
"455","1886","South Asia","3",0,0,0
"456","1887","South Asia","3",0,0,0
"457","1888","South Asia","3",0,0,0
"458","1889","South Asia","3",0,0,0
"459","1890","South Asia","3",0,0,0
"460","1891","South Asia","3",0,0,0
"461","1892","South Asia","3",0,0,0
"462","1893","South Asia","3",0,0,0
"463","1894","South Asia","3",0,0,0
"464","1895","South Asia","3",0,0,0
"465","1896","South Asia","3",0,0,0
"466","1897","South Asia","3",0,0,0
"467","1898","South Asia","3",0,0,0
"468","1899","South Asia","3",0,0,0
"469","1900","South Asia","3",0,0,0
"470","1901","South Asia","3",0,0,0
"471","1902","South Asia","3",0,0,0
"472","1903","South Asia","3",0,0,0
"473","1904","South Asia","3",0,0,0
"474","1905","South Asia","3",0,0,0
"475","1906","South Asia","3",0,0,0
"476","1907","South Asia","3",0,0,0
"477","1908","South Asia","3",0,0,0
"478","1909","South Asia","3",0,0,0
"479","1910","South Asia","3",0,0,0
"480","1911","South Asia","3",0,0,0
"481","1912","South Asia","3",0,0,0
"482","1913","South Asia","3",0,0,0
"483","1914","South Asia","3",0,0,0
"484","1915","South Asia","3",0,0,0
"485","1916","South Asia","3",0,0,0
"486","1917","South Asia","3",0,0,0
"487","1918","South Asia","3",0,0,0
"488","1919","South Asia","3",0,0,0
"489","1920","South Asia","3",0,0,0
"490","1921","South Asia","3",0,0,0
"491","1922","South Asia","3",0,0,0
"492","1923","South Asia","3",0,0,0
"493","1924","South Asia","3",0,0,0
"494","1925","South Asia","3",0,0,0
"495","1926","South Asia","3",0,0,0
"496","1927","South Asia","3",0,0,0
"497","1928","South Asia","3",0,0,0
"498","1929","South Asia","3",0,0,0
"499","1930","South Asia","3",0,0,0
"500","1931","South Asia","3",0,0,0
"501","1932","South Asia","3",0,0,0
"502","1933","South Asia","3",0,0,0
"503","1934","South Asia","3",0,0,0
"504","1935","South Asia","3",0,0,0
"505","1936","South Asia","3",0,0,0
"506","1937","South Asia","3",0,0,0
"507","1938","South Asia","3",0,0,0
"508","1939","South Asia","3",0,0,0
"509","1940","South Asia","3",0,0,0
"510","1941","South Asia","3",0,0,0
"511","1942","South Asia","3",0,0,0
"512","1943","South Asia","3",0,0,0
"513","1944","South Asia","3",0,0,0
"514","1945","South Asia","3",0,0,0
"515","1946","South Asia","3",0,0,0
"516","1947","South Asia","3",1,1,0
"517","1948","South Asia","3",0,0,0
"518","1949","South Asia","3",0,0,0
"519","1950","South Asia","3",0,0,0
"520","1951","South Asia","3",0,0,0
"521","1952","South Asia","3",0,0,0
"522","1953","South Asia","3",0,0,0
"523","1954","South Asia","3",0,0,0
"524","1955","South Asia","3",0,0,0
"525","1956","South Asia","3",0,0,0
"526","1957","South Asia","3",0,0,0
"527","1958","South Asia","3",0,0,0
"528","1959","South Asia","3",0,0,0
"529","1960","South Asia","3",0,0,0
"530","1961","South Asia","3",0,0,0
"531","1962","South Asia","3",0,0,0
"532","1963","South Asia","3",0,0,0
"533","1964","South Asia","3",0,0,0
"534","1965","South Asia","3",1,0,1
"535","1966","South Asia","3",0,0,0
"536","1967","South Asia","3",0,0,0
"537","1968","South Asia","3",0,0,0
"538","1969","South Asia","3",0,0,0
"539","1970","South Asia","3",0,0,0
"540","1971","South Asia","3",1,1,0
"541","1972","South Asia","3",0,0,0
"542","1973","South Asia","3",0,0,0
"543","1974","South Asia","3",0,0,0
"544","1975","South Asia","3",0,0,0
"545","1976","South Asia","3",0,0,0
"546","1977","South Asia","3",0,0,0
"547","1978","South Asia","3",0,0,0
"548","1979","South Asia","3",0,0,0
"549","1980","South Asia","3",0,0,0
"550","1981","South Asia","3",0,0,0
"551","1982","South Asia","3",0,0,0
"552","1983","South Asia","3",0,0,0
"553","1984","South Asia","3",0,0,0
"554","1985","South Asia","3",0,0,0
"555","1986","South Asia","3",0,0,0
"556","1987","South Asia","3",0,0,0
"557","1988","South Asia","3",0,0,0
"558","1989","South Asia","3",0,0,0
"559","1990","South Asia","3",0,0,0
"560","1991","South Asia","3",0,0,0
"561","1992","South Asia","3",0,0,0
"562","1993","South Asia","3",0,0,0
"563","1994","South Asia","3",0,0,0
"564","1995","South Asia","3",0,0,0
"565","1996","South Asia","3",0,0,0
"566","1997","South Asia","3",0,0,0
"567","1998","South Asia","3",0,0,0
"568","1999","South Asia","3",1,0,1
"569","2000","South Asia","3",0,0,0
"570","2001","South Asia","3",0,0,0
"571","2002","South Asia","3",0,0,0
"572","2003","South Asia","3",0,0,0
"573","2004","South Asia","3",0,0,0
"574","2005","South Asia","3",0,0,0
"575","2006","South Asia","3",0,0,0
"576","2007","South Asia","3",0,0,0
"577","1816","Oceania","4",0,0,0
"578","1817","Oceania","4",0,0,0
"579","1818","Oceania","4",0,0,0
"580","1819","Oceania","4",0,0,0
"581","1820","Oceania","4",0,0,0
"582","1821","Oceania","4",0,0,0
"583","1822","Oceania","4",0,0,0
"584","1823","Oceania","4",0,0,0
"585","1824","Oceania","4",0,0,0
"586","1825","Oceania","4",0,0,0
"587","1826","Oceania","4",0,0,0
"588","1827","Oceania","4",0,0,0
"589","1828","Oceania","4",0,0,0
"590","1829","Oceania","4",0,0,0
"591","1830","Oceania","4",0,0,0
"592","1831","Oceania","4",0,0,0
"593","1832","Oceania","4",0,0,0
"594","1833","Oceania","4",0,0,0
"595","1834","Oceania","4",0,0,0
"596","1835","Oceania","4",0,0,0
"597","1836","Oceania","4",0,0,0
"598","1837","Oceania","4",0,0,0
"599","1838","Oceania","4",0,0,0
"600","1839","Oceania","4",0,0,0
"601","1840","Oceania","4",0,0,0
"602","1841","Oceania","4",0,0,0
"603","1842","Oceania","4",0,0,0
"604","1843","Oceania","4",0,0,0
"605","1844","Oceania","4",0,0,0
"606","1845","Oceania","4",0,0,0
"607","1846","Oceania","4",0,0,0
"608","1847","Oceania","4",0,0,0
"609","1848","Oceania","4",0,0,0
"610","1849","Oceania","4",0,0,0
"611","1850","Oceania","4",0,0,0
"612","1851","Oceania","4",0,0,0
"613","1852","Oceania","4",0,0,0
"614","1853","Oceania","4",0,0,0
"615","1854","Oceania","4",0,0,0
"616","1855","Oceania","4",0,0,0
"617","1856","Oceania","4",0,0,0
"618","1857","Oceania","4",0,0,0
"619","1858","Oceania","4",0,0,0
"620","1859","Oceania","4",0,0,0
"621","1860","Oceania","4",0,0,0
"622","1861","Oceania","4",0,0,0
"623","1862","Oceania","4",0,0,0
"624","1863","Oceania","4",0,0,0
"625","1864","Oceania","4",0,0,0
"626","1865","Oceania","4",0,0,0
"627","1866","Oceania","4",0,0,0
"628","1867","Oceania","4",0,0,0
"629","1868","Oceania","4",0,0,0
"630","1869","Oceania","4",0,0,0
"631","1870","Oceania","4",0,0,0
"632","1871","Oceania","4",0,0,0
"633","1872","Oceania","4",0,0,0
"634","1873","Oceania","4",0,0,0
"635","1874","Oceania","4",0,0,0
"636","1875","Oceania","4",0,0,0
"637","1876","Oceania","4",0,0,0
"638","1877","Oceania","4",0,0,0
"639","1878","Oceania","4",0,0,0
"640","1879","Oceania","4",0,0,0
"641","1880","Oceania","4",0,0,0
"642","1881","Oceania","4",0,0,0
"643","1882","Oceania","4",0,0,0
"644","1883","Oceania","4",0,0,0
"645","1884","Oceania","4",0,0,0
"646","1885","Oceania","4",0,0,0
"647","1886","Oceania","4",0,0,0
"648","1887","Oceania","4",0,0,0
"649","1888","Oceania","4",0,0,0
"650","1889","Oceania","4",0,0,0
"651","1890","Oceania","4",0,0,0
"652","1891","Oceania","4",0,0,0
"653","1892","Oceania","4",0,0,0
"654","1893","Oceania","4",0,0,0
"655","1894","Oceania","4",0,0,0
"656","1895","Oceania","4",0,0,0
"657","1896","Oceania","4",0,0,0
"658","1897","Oceania","4",0,0,0
"659","1898","Oceania","4",0,0,0
"660","1899","Oceania","4",0,0,0
"661","1900","Oceania","4",0,0,0
"662","1901","Oceania","4",0,0,0
"663","1902","Oceania","4",0,0,0
"664","1903","Oceania","4",0,0,0
"665","1904","Oceania","4",0,0,0
"666","1905","Oceania","4",0,0,0
"667","1906","Oceania","4",0,0,0
"668","1907","Oceania","4",0,0,0
"669","1908","Oceania","4",0,0,0
"670","1909","Oceania","4",0,0,0
"671","1910","Oceania","4",0,0,0
"672","1911","Oceania","4",0,0,0
"673","1912","Oceania","4",0,0,0
"674","1913","Oceania","4",0,0,0
"675","1914","Oceania","4",0,0,0
"676","1915","Oceania","4",0,0,0
"677","1916","Oceania","4",0,0,0
"678","1917","Oceania","4",0,0,0
"679","1918","Oceania","4",0,0,0
"680","1919","Oceania","4",0,0,0
"681","1920","Oceania","4",0,0,0
"682","1921","Oceania","4",0,0,0
"683","1922","Oceania","4",0,0,0
"684","1923","Oceania","4",0,0,0
"685","1924","Oceania","4",0,0,0
"686","1925","Oceania","4",0,0,0
"687","1926","Oceania","4",0,0,0
"688","1927","Oceania","4",0,0,0
"689","1928","Oceania","4",0,0,0
"690","1929","Oceania","4",0,0,0
"691","1930","Oceania","4",0,0,0
"692","1931","Oceania","4",0,0,0
"693","1932","Oceania","4",0,0,0
"694","1933","Oceania","4",0,0,0
"695","1934","Oceania","4",0,0,0
"696","1935","Oceania","4",0,0,0
"697","1936","Oceania","4",0,0,0
"698","1937","Oceania","4",0,0,0
"699","1938","Oceania","4",0,0,0
"700","1939","Oceania","4",1,0,1
"701","1940","Oceania","4",0,0,0
"702","1941","Oceania","4",0,0,0
"703","1942","Oceania","4",0,0,0
"704","1943","Oceania","4",0,0,0
"705","1944","Oceania","4",0,0,0
"706","1945","Oceania","4",0,0,0
"707","1946","Oceania","4",0,0,0
"708","1947","Oceania","4",0,0,0
"709","1948","Oceania","4",0,0,0
"710","1949","Oceania","4",0,0,0
"711","1950","Oceania","4",0,0,0
"712","1951","Oceania","4",0,0,0
"713","1952","Oceania","4",0,0,0
"714","1953","Oceania","4",0,0,0
"715","1954","Oceania","4",0,0,0
"716","1955","Oceania","4",0,0,0
"717","1956","Oceania","4",0,0,0
"718","1957","Oceania","4",0,0,0
"719","1958","Oceania","4",0,0,0
"720","1959","Oceania","4",0,0,0
"721","1960","Oceania","4",0,0,0
"722","1961","Oceania","4",0,0,0
"723","1962","Oceania","4",0,0,0
"724","1963","Oceania","4",0,0,0
"725","1964","Oceania","4",0,0,0
"726","1965","Oceania","4",0,0,0
"727","1966","Oceania","4",0,0,0
"728","1967","Oceania","4",0,0,0
"729","1968","Oceania","4",0,0,0
"730","1969","Oceania","4",0,0,0
"731","1970","Oceania","4",0,0,0
"732","1971","Oceania","4",0,0,0
"733","1972","Oceania","4",0,0,0
"734","1973","Oceania","4",0,0,0
"735","1974","Oceania","4",0,0,0
"736","1975","Oceania","4",0,0,0
"737","1976","Oceania","4",0,0,0
"738","1977","Oceania","4",0,0,0
"739","1978","Oceania","4",0,0,0
"740","1979","Oceania","4",0,0,0
"741","1980","Oceania","4",0,0,0
"742","1981","Oceania","4",0,0,0
"743","1982","Oceania","4",0,0,0
"744","1983","Oceania","4",0,0,0
"745","1984","Oceania","4",0,0,0
"746","1985","Oceania","4",0,0,0
"747","1986","Oceania","4",0,0,0
"748","1987","Oceania","4",0,0,0
"749","1988","Oceania","4",0,0,0
"750","1989","Oceania","4",0,0,0
"751","1990","Oceania","4",0,0,0
"752","1991","Oceania","4",0,0,0
"753","1992","Oceania","4",0,0,0
"754","1993","Oceania","4",0,0,0
"755","1994","Oceania","4",0,0,0
"756","1995","Oceania","4",0,0,0
"757","1996","Oceania","4",0,0,0
"758","1997","Oceania","4",0,0,0
"759","1998","Oceania","4",0,0,0
"760","1999","Oceania","4",0,0,0
"761","2000","Oceania","4",0,0,0
"762","2001","Oceania","4",0,0,0
"763","2002","Oceania","4",0,0,0
"764","2003","Oceania","4",0,0,0
"765","2004","Oceania","4",0,0,0
"766","2005","Oceania","4",0,0,0
"767","2006","Oceania","4",0,0,0
"768","2007","Oceania","4",0,0,0
"769","1816","North America","5",0,0,0
"770","1817","North America","5",0,0,0
"771","1818","North America","5",0,0,0
"772","1819","North America","5",0,0,0
"773","1820","North America","5",0,0,0
"774","1821","North America","5",0,0,0
"775","1822","North America","5",0,0,0
"776","1823","North America","5",0,0,0
"777","1824","North America","5",0,0,0
"778","1825","North America","5",0,0,0
"779","1826","North America","5",0,0,0
"780","1827","North America","5",0,0,0
"781","1828","North America","5",0,0,0
"782","1829","North America","5",0,0,0
"783","1830","North America","5",0,0,0
"784","1831","North America","5",0,0,0
"785","1832","North America","5",0,0,0
"786","1833","North America","5",0,0,0
"787","1834","North America","5",0,0,0
"788","1835","North America","5",0,0,0
"789","1836","North America","5",0,0,0
"790","1837","North America","5",0,0,0
"791","1838","North America","5",0,0,0
"792","1839","North America","5",0,0,0
"793","1840","North America","5",0,0,0
"794","1841","North America","5",0,0,0
"795","1842","North America","5",0,0,0
"796","1843","North America","5",0,0,0
"797","1844","North America","5",0,0,0
"798","1845","North America","5",0,0,0
"799","1846","North America","5",1,0,1
"800","1847","North America","5",0,0,0
"801","1848","North America","5",0,0,0
"802","1849","North America","5",0,0,0
"803","1850","North America","5",0,0,0
"804","1851","North America","5",0,0,0
"805","1852","North America","5",0,0,0
"806","1853","North America","5",0,0,0
"807","1854","North America","5",0,0,0
"808","1855","North America","5",0,0,0
"809","1856","North America","5",0,0,0
"810","1857","North America","5",0,0,0
"811","1858","North America","5",0,0,0
"812","1859","North America","5",0,0,0
"813","1860","North America","5",0,0,0
"814","1861","North America","5",0,0,0
"815","1862","North America","5",1,0,1
"816","1863","North America","5",0,0,0
"817","1864","North America","5",0,0,0
"818","1865","North America","5",0,0,0
"819","1866","North America","5",0,0,0
"820","1867","North America","5",0,0,0
"821","1868","North America","5",0,0,0
"822","1869","North America","5",0,0,0
"823","1870","North America","5",0,0,0
"824","1871","North America","5",0,0,0
"825","1872","North America","5",0,0,0
"826","1873","North America","5",0,0,0
"827","1874","North America","5",0,0,0
"828","1875","North America","5",0,0,0
"829","1876","North America","5",0,0,0
"830","1877","North America","5",0,0,0
"831","1878","North America","5",0,0,0
"832","1879","North America","5",0,0,0
"833","1880","North America","5",0,0,0
"834","1881","North America","5",0,0,0
"835","1882","North America","5",0,0,0
"836","1883","North America","5",0,0,0
"837","1884","North America","5",0,0,0
"838","1885","North America","5",1,0,1
"839","1886","North America","5",0,0,0
"840","1887","North America","5",0,0,0
"841","1888","North America","5",0,0,0
"842","1889","North America","5",0,0,0
"843","1890","North America","5",0,0,0
"844","1891","North America","5",0,0,0
"845","1892","North America","5",0,0,0
"846","1893","North America","5",0,0,0
"847","1894","North America","5",0,0,0
"848","1895","North America","5",0,0,0
"849","1896","North America","5",0,0,0
"850","1897","North America","5",0,0,0
"851","1898","North America","5",1,0,1
"852","1899","North America","5",0,0,0
"853","1900","North America","5",0,0,0
"854","1901","North America","5",0,0,0
"855","1902","North America","5",0,0,0
"856","1903","North America","5",0,0,0
"857","1904","North America","5",0,0,0
"858","1905","North America","5",0,0,0
"859","1906","North America","5",1,0,1
"860","1907","North America","5",1,0,1
"861","1908","North America","5",0,0,0
"862","1909","North America","5",0,0,0
"863","1910","North America","5",0,0,0
"864","1911","North America","5",0,0,0
"865","1912","North America","5",0,0,0
"866","1913","North America","5",0,0,0
"867","1914","North America","5",0,0,0
"868","1915","North America","5",0,0,0
"869","1916","North America","5",0,0,0
"870","1917","North America","5",0,0,0
"871","1918","North America","5",0,0,0
"872","1919","North America","5",0,0,0
"873","1920","North America","5",0,0,0
"874","1921","North America","5",0,0,0
"875","1922","North America","5",0,0,0
"876","1923","North America","5",0,0,0
"877","1924","North America","5",0,0,0
"878","1925","North America","5",0,0,0
"879","1926","North America","5",0,0,0
"880","1927","North America","5",0,0,0
"881","1928","North America","5",0,0,0
"882","1929","North America","5",0,0,0
"883","1930","North America","5",0,0,0
"884","1931","North America","5",0,0,0
"885","1932","North America","5",0,0,0
"886","1933","North America","5",0,0,0
"887","1934","North America","5",0,0,0
"888","1935","North America","5",0,0,0
"889","1936","North America","5",0,0,0
"890","1937","North America","5",0,0,0
"891","1938","North America","5",0,0,0
"892","1939","North America","5",0,0,0
"893","1940","North America","5",0,0,0
"894","1941","North America","5",0,0,0
"895","1942","North America","5",0,0,0
"896","1943","North America","5",0,0,0
"897","1944","North America","5",0,0,0
"898","1945","North America","5",0,0,0
"899","1946","North America","5",0,0,0
"900","1947","North America","5",0,0,0
"901","1948","North America","5",0,0,0
"902","1949","North America","5",0,0,0
"903","1950","North America","5",0,0,0
"904","1951","North America","5",0,0,0
"905","1952","North America","5",0,0,0
"906","1953","North America","5",0,0,0
"907","1954","North America","5",0,0,0
"908","1955","North America","5",0,0,0
"909","1956","North America","5",0,0,0
"910","1957","North America","5",0,0,0
"911","1958","North America","5",0,0,0
"912","1959","North America","5",0,0,0
"913","1960","North America","5",0,0,0
"914","1961","North America","5",0,0,0
"915","1962","North America","5",0,0,0
"916","1963","North America","5",0,0,0
"917","1964","North America","5",0,0,0
"918","1965","North America","5",0,0,0
"919","1966","North America","5",0,0,0
"920","1967","North America","5",0,0,0
"921","1968","North America","5",0,0,0
"922","1969","North America","5",0,0,0
"923","1970","North America","5",0,0,0
"924","1971","North America","5",0,0,0
"925","1972","North America","5",0,0,0
"926","1973","North America","5",0,0,0
"927","1974","North America","5",0,0,0
"928","1975","North America","5",0,0,0
"929","1976","North America","5",0,0,0
"930","1977","North America","5",0,0,0
"931","1978","North America","5",0,0,0
"932","1979","North America","5",0,0,0
"933","1980","North America","5",0,0,0
"934","1981","North America","5",0,0,0
"935","1982","North America","5",0,0,0
"936","1983","North America","5",0,0,0
"937","1984","North America","5",0,0,0
"938","1985","North America","5",0,0,0
"939","1986","North America","5",0,0,0
"940","1987","North America","5",0,0,0
"941","1988","North America","5",0,0,0
"942","1989","North America","5",0,0,0
"943","1990","North America","5",0,0,0
"944","1991","North America","5",0,0,0
"945","1992","North America","5",0,0,0
"946","1993","North America","5",0,0,0
"947","1994","North America","5",0,0,0
"948","1995","North America","5",0,0,0
"949","1996","North America","5",0,0,0
"950","1997","North America","5",0,0,0
"951","1998","North America","5",0,0,0
"952","1999","North America","5",0,0,0
"953","2000","North America","5",0,0,0
"954","2001","North America","5",0,0,0
"955","2002","North America","5",0,0,0
"956","2003","North America","5",0,0,0
"957","2004","North America","5",0,0,0
"958","2005","North America","5",0,0,0
"959","2006","North America","5",0,0,0
"960","2007","North America","5",0,0,0
"961","1816","South America","6",0,0,0
"962","1817","South America","6",0,0,0
"963","1818","South America","6",0,0,0
"964","1819","South America","6",0,0,0
"965","1820","South America","6",0,0,0
"966","1821","South America","6",0,0,0
"967","1822","South America","6",0,0,0
"968","1823","South America","6",0,0,0
"969","1824","South America","6",0,0,0
"970","1825","South America","6",0,0,0
"971","1826","South America","6",0,0,0
"972","1827","South America","6",0,0,0
"973","1828","South America","6",0,0,0
"974","1829","South America","6",0,0,0
"975","1830","South America","6",0,0,0
"976","1831","South America","6",0,0,0
"977","1832","South America","6",0,0,0
"978","1833","South America","6",0,0,0
"979","1834","South America","6",0,0,0
"980","1835","South America","6",0,0,0
"981","1836","South America","6",0,0,0
"982","1837","South America","6",0,0,0
"983","1838","South America","6",0,0,0
"984","1839","South America","6",0,0,0
"985","1840","South America","6",0,0,0
"986","1841","South America","6",0,0,0
"987","1842","South America","6",0,0,0
"988","1843","South America","6",0,0,0
"989","1844","South America","6",0,0,0
"990","1845","South America","6",0,0,0
"991","1846","South America","6",0,0,0
"992","1847","South America","6",0,0,0
"993","1848","South America","6",0,0,0
"994","1849","South America","6",0,0,0
"995","1850","South America","6",0,0,0
"996","1851","South America","6",1,1,0
"997","1852","South America","6",0,0,0
"998","1853","South America","6",0,0,0
"999","1854","South America","6",0,0,0
"1000","1855","South America","6",0,0,0
"1001","1856","South America","6",0,0,0
"1002","1857","South America","6",0,0,0
"1003","1858","South America","6",0,0,0
"1004","1859","South America","6",0,0,0
"1005","1860","South America","6",0,0,0
"1006","1861","South America","6",0,0,0
"1007","1862","South America","6",0,0,0
"1008","1863","South America","6",1,1,0
"1009","1864","South America","6",1,0,1
"1010","1865","South America","6",1,1,0
"1011","1866","South America","6",0,0,0
"1012","1867","South America","6",0,0,0
"1013","1868","South America","6",0,0,0
"1014","1869","South America","6",0,0,0
"1015","1870","South America","6",0,0,0
"1016","1871","South America","6",0,0,0
"1017","1872","South America","6",0,0,0
"1018","1873","South America","6",0,0,0
"1019","1874","South America","6",0,0,0
"1020","1875","South America","6",0,0,0
"1021","1876","South America","6",1,0,1
"1022","1877","South America","6",0,0,0
"1023","1878","South America","6",0,0,0
"1024","1879","South America","6",1,0,1
"1025","1880","South America","6",0,0,0
"1026","1881","South America","6",0,0,0
"1027","1882","South America","6",0,0,0
"1028","1883","South America","6",0,0,0
"1029","1884","South America","6",0,0,0
"1030","1885","South America","6",0,0,0
"1031","1886","South America","6",0,0,0
"1032","1887","South America","6",0,0,0
"1033","1888","South America","6",0,0,0
"1034","1889","South America","6",0,0,0
"1035","1890","South America","6",0,0,0
"1036","1891","South America","6",0,0,0
"1037","1892","South America","6",0,0,0
"1038","1893","South America","6",0,0,0
"1039","1894","South America","6",0,0,0
"1040","1895","South America","6",0,0,0
"1041","1896","South America","6",0,0,0
"1042","1897","South America","6",0,0,0
"1043","1898","South America","6",0,0,0
"1044","1899","South America","6",0,0,0
"1045","1900","South America","6",0,0,0
"1046","1901","South America","6",0,0,0
"1047","1902","South America","6",0,0,0
"1048","1903","South America","6",0,0,0
"1049","1904","South America","6",0,0,0
"1050","1905","South America","6",0,0,0
"1051","1906","South America","6",0,0,0
"1052","1907","South America","6",0,0,0
"1053","1908","South America","6",0,0,0
"1054","1909","South America","6",0,0,0
"1055","1910","South America","6",0,0,0
"1056","1911","South America","6",0,0,0
"1057","1912","South America","6",0,0,0
"1058","1913","South America","6",0,0,0
"1059","1914","South America","6",0,0,0
"1060","1915","South America","6",0,0,0
"1061","1916","South America","6",0,0,0
"1062","1917","South America","6",0,0,0
"1063","1918","South America","6",0,0,0
"1064","1919","South America","6",0,0,0
"1065","1920","South America","6",0,0,0
"1066","1921","South America","6",0,0,0
"1067","1922","South America","6",0,0,0
"1068","1923","South America","6",0,0,0
"1069","1924","South America","6",0,0,0
"1070","1925","South America","6",0,0,0
"1071","1926","South America","6",0,0,0
"1072","1927","South America","6",0,0,0
"1073","1928","South America","6",0,0,0
"1074","1929","South America","6",0,0,0
"1075","1930","South America","6",0,0,0
"1076","1931","South America","6",0,0,0
"1077","1932","South America","6",1,0,1
"1078","1933","South America","6",0,0,0
"1079","1934","South America","6",0,0,0
"1080","1935","South America","6",0,0,0
"1081","1936","South America","6",0,0,0
"1082","1937","South America","6",0,0,0
"1083","1938","South America","6",0,0,0
"1084","1939","South America","6",0,0,0
"1085","1940","South America","6",0,0,0
"1086","1941","South America","6",0,0,0
"1087","1942","South America","6",0,0,0
"1088","1943","South America","6",0,0,0
"1089","1944","South America","6",0,0,0
"1090","1945","South America","6",0,0,0
"1091","1946","South America","6",0,0,0
"1092","1947","South America","6",0,0,0
"1093","1948","South America","6",0,0,0
"1094","1949","South America","6",0,0,0
"1095","1950","South America","6",0,0,0
"1096","1951","South America","6",0,0,0
"1097","1952","South America","6",0,0,0
"1098","1953","South America","6",0,0,0
"1099","1954","South America","6",0,0,0
"1100","1955","South America","6",0,0,0
"1101","1956","South America","6",0,0,0
"1102","1957","South America","6",0,0,0
"1103","1958","South America","6",0,0,0
"1104","1959","South America","6",0,0,0
"1105","1960","South America","6",0,0,0
"1106","1961","South America","6",0,0,0
"1107","1962","South America","6",0,0,0
"1108","1963","South America","6",0,0,0
"1109","1964","South America","6",0,0,0
"1110","1965","South America","6",0,0,0
"1111","1966","South America","6",0,0,0
"1112","1967","South America","6",0,0,0
"1113","1968","South America","6",0,0,0
"1114","1969","South America","6",1,0,1
"1115","1970","South America","6",0,0,0
"1116","1971","South America","6",0,0,0
"1117","1972","South America","6",0,0,0
"1118","1973","South America","6",0,0,0
"1119","1974","South America","6",0,0,0
"1120","1975","South America","6",0,0,0
"1121","1976","South America","6",0,0,0
"1122","1977","South America","6",0,0,0
"1123","1978","South America","6",0,0,0
"1124","1979","South America","6",0,0,0
"1125","1980","South America","6",0,0,0
"1126","1981","South America","6",0,0,0
"1127","1982","South America","6",1,0,1
"1128","1983","South America","6",0,0,0
"1129","1984","South America","6",0,0,0
"1130","1985","South America","6",0,0,0
"1131","1986","South America","6",0,0,0
"1132","1987","South America","6",0,0,0
"1133","1988","South America","6",0,0,0
"1134","1989","South America","6",0,0,0
"1135","1990","South America","6",0,0,0
"1136","1991","South America","6",0,0,0
"1137","1992","South America","6",0,0,0
"1138","1993","South America","6",0,0,0
"1139","1994","South America","6",0,0,0
"1140","1995","South America","6",1,0,1
"1141","1996","South America","6",0,0,0
"1142","1997","South America","6",0,0,0
"1143","1998","South America","6",0,0,0
"1144","1999","South America","6",0,0,0
"1145","2000","South America","6",0,0,0
"1146","2001","South America","6",0,0,0
"1147","2002","South America","6",0,0,0
"1148","2003","South America","6",0,0,0
"1149","2004","South America","6",0,0,0
"1150","2005","South America","6",0,0,0
"1151","2006","South America","6",0,0,0
"1152","2007","South America","6",0,0,0
"1153","1816","MENA","7",0,0,0
"1154","1817","MENA","7",0,0,0
"1155","1818","MENA","7",0,0,0
"1156","1819","MENA","7",0,0,0
"1157","1820","MENA","7",0,0,0
"1158","1821","MENA","7",0,0,0
"1159","1822","MENA","7",0,0,0
"1160","1823","MENA","7",0,0,0
"1161","1824","MENA","7",0,0,0
"1162","1825","MENA","7",0,0,0
"1163","1826","MENA","7",0,0,0
"1164","1827","MENA","7",0,0,0
"1165","1828","MENA","7",0,0,0
"1166","1829","MENA","7",0,0,0
"1167","1830","MENA","7",0,0,0
"1168","1831","MENA","7",0,0,0
"1169","1832","MENA","7",0,0,0
"1170","1833","MENA","7",0,0,0
"1171","1834","MENA","7",0,0,0
"1172","1835","MENA","7",0,0,0
"1173","1836","MENA","7",0,0,0
"1174","1837","MENA","7",0,0,0
"1175","1838","MENA","7",0,0,0
"1176","1839","MENA","7",0,0,0
"1177","1840","MENA","7",0,0,0
"1178","1841","MENA","7",0,0,0
"1179","1842","MENA","7",0,0,0
"1180","1843","MENA","7",0,0,0
"1181","1844","MENA","7",0,0,0
"1182","1845","MENA","7",0,0,0
"1183","1846","MENA","7",0,0,0
"1184","1847","MENA","7",0,0,0
"1185","1848","MENA","7",0,0,0
"1186","1849","MENA","7",0,0,0
"1187","1850","MENA","7",0,0,0
"1188","1851","MENA","7",0,0,0
"1189","1852","MENA","7",0,0,0
"1190","1853","MENA","7",0,0,0
"1191","1854","MENA","7",0,0,0
"1192","1855","MENA","7",0,0,0
"1193","1856","MENA","7",1,1,0
"1194","1857","MENA","7",0,0,0
"1195","1858","MENA","7",0,0,0
"1196","1859","MENA","7",1,0,1
"1197","1860","MENA","7",0,0,0
"1198","1861","MENA","7",0,0,0
"1199","1862","MENA","7",0,0,0
"1200","1863","MENA","7",0,0,0
"1201","1864","MENA","7",0,0,0
"1202","1865","MENA","7",0,0,0
"1203","1866","MENA","7",0,0,0
"1204","1867","MENA","7",0,0,0
"1205","1868","MENA","7",0,0,0
"1206","1869","MENA","7",0,0,0
"1207","1870","MENA","7",0,0,0
"1208","1871","MENA","7",0,0,0
"1209","1872","MENA","7",0,0,0
"1210","1873","MENA","7",0,0,0
"1211","1874","MENA","7",0,0,0
"1212","1875","MENA","7",0,0,0
"1213","1876","MENA","7",0,0,0
"1214","1877","MENA","7",0,0,0
"1215","1878","MENA","7",0,0,0
"1216","1879","MENA","7",0,0,0
"1217","1880","MENA","7",0,0,0
"1218","1881","MENA","7",0,0,0
"1219","1882","MENA","7",1,0,1
"1220","1883","MENA","7",0,0,0
"1221","1884","MENA","7",0,0,0
"1222","1885","MENA","7",0,0,0
"1223","1886","MENA","7",0,0,0
"1224","1887","MENA","7",0,0,0
"1225","1888","MENA","7",0,0,0
"1226","1889","MENA","7",0,0,0
"1227","1890","MENA","7",0,0,0
"1228","1891","MENA","7",0,0,0
"1229","1892","MENA","7",0,0,0
"1230","1893","MENA","7",0,0,0
"1231","1894","MENA","7",0,0,0
"1232","1895","MENA","7",0,0,0
"1233","1896","MENA","7",0,0,0
"1234","1897","MENA","7",0,0,0
"1235","1898","MENA","7",0,0,0
"1236","1899","MENA","7",0,0,0
"1237","1900","MENA","7",0,0,0
"1238","1901","MENA","7",0,0,0
"1239","1902","MENA","7",0,0,0
"1240","1903","MENA","7",0,0,0
"1241","1904","MENA","7",0,0,0
"1242","1905","MENA","7",0,0,0
"1243","1906","MENA","7",0,0,0
"1244","1907","MENA","7",0,0,0
"1245","1908","MENA","7",0,0,0
"1246","1909","MENA","7",1,0,1
"1247","1910","MENA","7",0,0,0
"1248","1911","MENA","7",0,0,0
"1249","1912","MENA","7",0,0,0
"1250","1913","MENA","7",0,0,0
"1251","1914","MENA","7",0,0,0
"1252","1915","MENA","7",0,0,0
"1253","1916","MENA","7",0,0,0
"1254","1917","MENA","7",0,0,0
"1255","1918","MENA","7",0,0,0
"1256","1919","MENA","7",0,0,0
"1257","1920","MENA","7",0,0,0
"1258","1921","MENA","7",0,0,0
"1259","1922","MENA","7",0,0,0
"1260","1923","MENA","7",0,0,0
"1261","1924","MENA","7",0,0,0
"1262","1925","MENA","7",0,0,0
"1263","1926","MENA","7",0,0,0
"1264","1927","MENA","7",0,0,0
"1265","1928","MENA","7",0,0,0
"1266","1929","MENA","7",0,0,0
"1267","1930","MENA","7",0,0,0
"1268","1931","MENA","7",0,0,0
"1269","1932","MENA","7",0,0,0
"1270","1933","MENA","7",0,0,0
"1271","1934","MENA","7",1,0,1
"1272","1935","MENA","7",0,0,0
"1273","1936","MENA","7",0,0,0
"1274","1937","MENA","7",0,0,0
"1275","1938","MENA","7",0,0,0
"1276","1939","MENA","7",0,0,0
"1277","1940","MENA","7",0,0,0
"1278","1941","MENA","7",0,0,0
"1279","1942","MENA","7",0,0,0
"1280","1943","MENA","7",0,0,0
"1281","1944","MENA","7",0,0,0
"1282","1945","MENA","7",0,0,0
"1283","1946","MENA","7",0,0,0
"1284","1947","MENA","7",0,0,0
"1285","1948","MENA","7",1,1,0
"1286","1949","MENA","7",0,0,0
"1287","1950","MENA","7",0,0,0
"1288","1951","MENA","7",0,0,0
"1289","1952","MENA","7",0,0,0
"1290","1953","MENA","7",0,0,0
"1291","1954","MENA","7",0,0,0
"1292","1955","MENA","7",0,0,0
"1293","1956","MENA","7",1,1,0
"1294","1957","MENA","7",0,0,0
"1295","1958","MENA","7",0,0,0
"1296","1959","MENA","7",0,0,0
"1297","1960","MENA","7",0,0,0
"1298","1961","MENA","7",0,0,0
"1299","1962","MENA","7",0,0,0
"1300","1963","MENA","7",0,0,0
"1301","1964","MENA","7",0,0,0
"1302","1965","MENA","7",0,0,0
"1303","1966","MENA","7",0,0,0
"1304","1967","MENA","7",1,1,0
"1305","1968","MENA","7",0,0,0
"1306","1969","MENA","7",1,0,1
"1307","1970","MENA","7",0,0,0
"1308","1971","MENA","7",0,0,0
"1309","1972","MENA","7",0,0,0
"1310","1973","MENA","7",1,1,0
"1311","1974","MENA","7",0,0,0
"1312","1975","MENA","7",0,0,0
"1313","1976","MENA","7",0,0,0
"1314","1977","MENA","7",0,0,0
"1315","1978","MENA","7",0,0,0
"1316","1979","MENA","7",0,0,0
"1317","1980","MENA","7",1,0,1
"1318","1981","MENA","7",0,0,0
"1319","1982","MENA","7",1,1,0
"1320","1983","MENA","7",0,0,0
"1321","1984","MENA","7",0,0,0
"1322","1985","MENA","7",0,0,0
"1323","1986","MENA","7",1,0,1
"1324","1987","MENA","7",0,0,0
"1325","1988","MENA","7",0,0,0
"1326","1989","MENA","7",0,0,0
"1327","1990","MENA","7",1,0,1
"1328","1991","MENA","7",0,0,0
"1329","1992","MENA","7",0,0,0
"1330","1993","MENA","7",0,0,0
"1331","1994","MENA","7",0,0,0
"1332","1995","MENA","7",0,0,0
"1333","1996","MENA","7",0,0,0
"1334","1997","MENA","7",0,0,0
"1335","1998","MENA","7",0,0,0
"1336","1999","MENA","7",0,0,0
"1337","2000","MENA","7",0,0,0
"1338","2001","MENA","7",1,0,1
"1339","2002","MENA","7",0,0,0
"1340","2003","MENA","7",1,1,0
"1341","2004","MENA","7",0,0,0
"1342","2005","MENA","7",0,0,0
"1343","2006","MENA","7",0,0,0
"1344","2007","MENA","7",0,0,0
"1345","1816","Africa","8",0,0,0
"1346","1817","Africa","8",0,0,0
"1347","1818","Africa","8",0,0,0
"1348","1819","Africa","8",0,0,0
"1349","1820","Africa","8",0,0,0
"1350","1821","Africa","8",0,0,0
"1351","1822","Africa","8",0,0,0
"1352","1823","Africa","8",0,0,0
"1353","1824","Africa","8",0,0,0
"1354","1825","Africa","8",0,0,0
"1355","1826","Africa","8",0,0,0
"1356","1827","Africa","8",0,0,0
"1357","1828","Africa","8",0,0,0
"1358","1829","Africa","8",0,0,0
"1359","1830","Africa","8",0,0,0
"1360","1831","Africa","8",0,0,0
"1361","1832","Africa","8",0,0,0
"1362","1833","Africa","8",0,0,0
"1363","1834","Africa","8",0,0,0
"1364","1835","Africa","8",0,0,0
"1365","1836","Africa","8",0,0,0
"1366","1837","Africa","8",0,0,0
"1367","1838","Africa","8",0,0,0
"1368","1839","Africa","8",0,0,0
"1369","1840","Africa","8",0,0,0
"1370","1841","Africa","8",0,0,0
"1371","1842","Africa","8",0,0,0
"1372","1843","Africa","8",0,0,0
"1373","1844","Africa","8",0,0,0
"1374","1845","Africa","8",0,0,0
"1375","1846","Africa","8",0,0,0
"1376","1847","Africa","8",0,0,0
"1377","1848","Africa","8",0,0,0
"1378","1849","Africa","8",0,0,0
"1379","1850","Africa","8",0,0,0
"1380","1851","Africa","8",0,0,0
"1381","1852","Africa","8",0,0,0
"1382","1853","Africa","8",0,0,0
"1383","1854","Africa","8",0,0,0
"1384","1855","Africa","8",0,0,0
"1385","1856","Africa","8",0,0,0
"1386","1857","Africa","8",0,0,0
"1387","1858","Africa","8",0,0,0
"1388","1859","Africa","8",0,0,0
"1389","1860","Africa","8",0,0,0
"1390","1861","Africa","8",0,0,0
"1391","1862","Africa","8",0,0,0
"1392","1863","Africa","8",0,0,0
"1393","1864","Africa","8",0,0,0
"1394","1865","Africa","8",0,0,0
"1395","1866","Africa","8",0,0,0
"1396","1867","Africa","8",0,0,0
"1397","1868","Africa","8",0,0,0
"1398","1869","Africa","8",0,0,0
"1399","1870","Africa","8",0,0,0
"1400","1871","Africa","8",0,0,0
"1401","1872","Africa","8",0,0,0
"1402","1873","Africa","8",0,0,0
"1403","1874","Africa","8",0,0,0
"1404","1875","Africa","8",0,0,0
"1405","1876","Africa","8",0,0,0
"1406","1877","Africa","8",0,0,0
"1407","1878","Africa","8",0,0,0
"1408","1879","Africa","8",0,0,0
"1409","1880","Africa","8",0,0,0
"1410","1881","Africa","8",0,0,0
"1411","1882","Africa","8",0,0,0
"1412","1883","Africa","8",0,0,0
"1413","1884","Africa","8",0,0,0
"1414","1885","Africa","8",0,0,0
"1415","1886","Africa","8",0,0,0
"1416","1887","Africa","8",0,0,0
"1417","1888","Africa","8",0,0,0
"1418","1889","Africa","8",0,0,0
"1419","1890","Africa","8",0,0,0
"1420","1891","Africa","8",0,0,0
"1421","1892","Africa","8",0,0,0
"1422","1893","Africa","8",0,0,0
"1423","1894","Africa","8",0,0,0
"1424","1895","Africa","8",0,0,0
"1425","1896","Africa","8",0,0,0
"1426","1897","Africa","8",0,0,0
"1427","1898","Africa","8",0,0,0
"1428","1899","Africa","8",0,0,0
"1429","1900","Africa","8",0,0,0
"1430","1901","Africa","8",0,0,0
"1431","1902","Africa","8",0,0,0
"1432","1903","Africa","8",0,0,0
"1433","1904","Africa","8",0,0,0
"1434","1905","Africa","8",0,0,0
"1435","1906","Africa","8",0,0,0
"1436","1907","Africa","8",0,0,0
"1437","1908","Africa","8",0,0,0
"1438","1909","Africa","8",0,0,0
"1439","1910","Africa","8",0,0,0
"1440","1911","Africa","8",0,0,0
"1441","1912","Africa","8",0,0,0
"1442","1913","Africa","8",0,0,0
"1443","1914","Africa","8",1,1,0
"1444","1915","Africa","8",0,0,0
"1445","1916","Africa","8",0,0,0
"1446","1917","Africa","8",0,0,0
"1447","1918","Africa","8",0,0,0
"1448","1919","Africa","8",0,0,0
"1449","1920","Africa","8",0,0,0
"1450","1921","Africa","8",0,0,0
"1451","1922","Africa","8",0,0,0
"1452","1923","Africa","8",0,0,0
"1453","1924","Africa","8",0,0,0
"1454","1925","Africa","8",0,0,0
"1455","1926","Africa","8",0,0,0
"1456","1927","Africa","8",0,0,0
"1457","1928","Africa","8",0,0,0
"1458","1929","Africa","8",0,0,0
"1459","1930","Africa","8",0,0,0
"1460","1931","Africa","8",0,0,0
"1461","1932","Africa","8",0,0,0
"1462","1933","Africa","8",0,0,0
"1463","1934","Africa","8",0,0,0
"1464","1935","Africa","8",1,0,1
"1465","1936","Africa","8",0,0,0
"1466","1937","Africa","8",0,0,0
"1467","1938","Africa","8",0,0,0
"1468","1939","Africa","8",1,0,1
"1469","1940","Africa","8",0,0,0
"1470","1941","Africa","8",0,0,0
"1471","1942","Africa","8",0,0,0
"1472","1943","Africa","8",0,0,0
"1473","1944","Africa","8",0,0,0
"1474","1945","Africa","8",0,0,0
"1475","1946","Africa","8",0,0,0
"1476","1947","Africa","8",0,0,0
"1477","1948","Africa","8",0,0,0
"1478","1949","Africa","8",0,0,0
"1479","1950","Africa","8",0,0,0
"1480","1951","Africa","8",0,0,0
"1481","1952","Africa","8",0,0,0
"1482","1953","Africa","8",0,0,0
"1483","1954","Africa","8",0,0,0
"1484","1955","Africa","8",0,0,0
"1485","1956","Africa","8",0,0,0
"1486","1957","Africa","8",0,0,0
"1487","1958","Africa","8",0,0,0
"1488","1959","Africa","8",0,0,0
"1489","1960","Africa","8",0,0,0
"1490","1961","Africa","8",0,0,0
"1491","1962","Africa","8",0,0,0
"1492","1963","Africa","8",0,0,0
"1493","1964","Africa","8",0,0,0
"1494","1965","Africa","8",0,0,0
"1495","1966","Africa","8",0,0,0
"1496","1967","Africa","8",0,0,0
"1497","1968","Africa","8",0,0,0
"1498","1969","Africa","8",0,0,0
"1499","1970","Africa","8",0,0,0
"1500","1971","Africa","8",0,0,0
"1501","1972","Africa","8",0,0,0
"1502","1973","Africa","8",0,0,0
"1503","1974","Africa","8",0,0,0
"1504","1975","Africa","8",1,0,1
"1505","1976","Africa","8",0,0,0
"1506","1977","Africa","8",1,0,1
"1507","1978","Africa","8",1,0,1
"1508","1979","Africa","8",0,0,0
"1509","1980","Africa","8",0,0,0
"1510","1981","Africa","8",0,0,0
"1511","1982","Africa","8",0,0,0
"1512","1983","Africa","8",0,0,0
"1513","1984","Africa","8",0,0,0
"1514","1985","Africa","8",0,0,0
"1515","1986","Africa","8",0,0,0
"1516","1987","Africa","8",0,0,0
"1517","1988","Africa","8",0,0,0
"1518","1989","Africa","8",0,0,0
"1519","1990","Africa","8",0,0,0
"1520","1991","Africa","8",0,0,0
"1521","1992","Africa","8",0,0,0
"1522","1993","Africa","8",0,0,0
"1523","1994","Africa","8",0,0,0
"1524","1995","Africa","8",0,0,0
"1525","1996","Africa","8",0,0,0
"1526","1997","Africa","8",0,0,0
"1527","1998","Africa","8",1,0,1
"1528","1999","Africa","8",0,0,0
"1529","2000","Africa","8",0,0,0
"1530","2001","Africa","8",0,0,0
"1531","2002","Africa","8",0,0,0
"1532","2003","Africa","8",0,0,0
"1533","2004","Africa","8",0,0,0
"1534","2005","Africa","8",0,0,0
"1535","2006","Africa","8",0,0,0
"1536","2007","Africa","8",0,0,0
